{"helicopter": {"score": 100, "lives": 20, "x": 7, "y": 9, "tank": 0, "mxtank": 1}, "clouds": {"cells": [[0, 0, 0, 0, 0, 0, 0, 0, 0, 0, 0, 0, 0, 0, 0, 0, 0, 0, 0, 2], [0, 0, 0, 0, 0, 0, 0, 0, 0, 0, 1, 0, 0, 0, 0, 0, 0, 0, 0, 0], [0, 0, 0, 0, 0, 0, 0, 0, 0, 0, 0, 1, 0, 0, 0, 0, 2, 0, 0, 0], [0, 0, 0, 0, 0, 0, 0, 0, 0, 0, 0, 0, 0, 0, 0, 0, 0, 0, 0, 0], [0, 0, 0, 0, 0, 0, 1, 0, 0, 0, 0, 0, 0, 1, 0, 0, 1, 0, 0, 0], [0, 1, 0, 0, 0, 0, 0, 0, 0, 0, 0, 0, 1, 0, 0, 0, 0, 0, 0, 0], [0, 0, 0, 0, 0, 0, 0, 0, 0, 0, 0, 0, 0, 0, 0, 0, 0, 0, 0, 0], [1, 0, 1, 0, 0, 0, 0, 0, 0, 0, 0, 0, 0, 0, 0, 0, 0, 0, 1, 0], [0, 1, 2, 1, 0, 0, 0, 0, 0, 0, 0, 0, 1, 2, 0, 0, 1, 0, 0, 0], [0, 0, 0, 0, 0, 0, 0, 0, 0, 0, 0, 0, 0, 0, 0, 0, 0, 0, 0, 2]]}, "tmp": {"cells": [[5, 4, 1, 0, 1, 0, 0, 0, 0, 0, 1, 0, 1, 0, 0, 0, 0, 0, 1, 0], [1, 1, 0, 0, 0, 1, 1, 0, 1, 0, 3, 0, 1, 0, 2, 2, 0, 0, 1, 1], [0, 0, 1, 0, 0, 0, 0, 0, 1, 1, 1, 0, 0, 0, 2, 2, 1, 1, 1, 0], [1, 0, 1, 1, 0, 0, 0, 1, 0, 0, 1, 1, 0, 0, 2, 2, 1, 1, 1, 0], [0, 0, 1, 0, 0, 0, 0, 0, 0, 1, 0, 0, 1, 1, 2, 0, 1, 0, 0, 1], [0, 1, 0, 0, 1, 0, 1, 1, 0, 0, 1, 0, 1, 0, 1, 1, 0, 1, 0, 1], [1, 0, 1, 0, 1, 0, 1, 0, 1, 1, 0, 0, 0, 0, 1, 0, 5, 1, 0, 0], [0, 1, 5, 0, 1, 2, 2, 2, 0, 0, 1, 1, 0, 1, 1, 1, 1, 0, 1, 0], [0, 0, 0, 1, 0, 2, 2, 1, 1, 1, 0, 0, 1, 0, 1, 1, 1, 1, 0, 1], [1, 1, 0, 0, 5, 2, 2, 1, 0, 0, 0, 0, 1, 1, 0, 0, 0, 1, 1, 0]]}, "tick": 121}